{"cameraMode":{"drawMode":0,"name":"Shaded","section":"Shading Mode"},"sceneLighting":true,"audioPlay":false,"sceneViewState":{"showFog":true,"showMaterialUpdate":false,"showSkybox":true,"showFlares":true,"showImageEffects":true,"showParticleSystems":true},"in2DMode":false,"pivot":{"x":19.148664474487306,"y":39.53974151611328,"z":-3.4838204383850099},"rotation":{"x":-0.4000166356563568,"y":0.574913501739502,"z":-0.3810807168483734,"w":-0.6035779714584351},"size":2.452133893966675,"orthographic":false}